specialty,1,2,3,4,5,6,7,8,9,10,11,12,13,14,15,16,17,18,19,20
Allergologie,Ophtalmologie,Orthopédie,Gynécologie,Médecine Générale,Dermatologie,Infirmier,Endocrinologie,Neurologie,Pédiatrie,Gastro-Entérologie Et Hépatologie,Médecine Vasculaire,Oncologie,Rhumatologie,Orthoptiste,Pharmacien,Pneumologie,Chirurgie Plastique,Oculariste,Psychiatrie
Anatomie Et Cytologie Pathologiques,Technicien De Laboratoire,Radiologie,Radio-Thérapie,Recherche Médicale,Biologie,Oncologie,Médecine Nucléaire,Hématologie,Ophtalmologie,Médecine Légale Et Expertises Médicales,Chirurgie Thoracique Et Cardio-Vasculaire,Orthopédie,Chirurgie Générale,Chirurgie Vasculaire,Chirurgie Plastique,Chirurgie Urologique,Chirurgie Infantile,Cardiologie,Gynécologie
Anesthésie-Réanimation,Chirurgie Orthopédique,Chirurgie Générale,Neuro-Chirurgie,Oncologie,Chirurgie Maxillo-Facial,Chirurgie Thoracique Et Cardio-Vasculaire,Chirurgie Infantile,Chirurgie Urologique,Chirurgie Viscérale Et Digestive,Chirurgie Vasculaire,Chirurgie Plastique,Chirurgie Pédiatrique,Médecine Intensive-Réanimation,Chirurgien-Dentiste,Médecine D'Urgence,Pneumologie,Ophtalmologie,Orl
Assistant Dentaire,Chirurgien-Dentiste,Orthoprothésiste,Orthopédie,Pédiatrie,Chirurgie Orale,Chirurgie Maxillo-Facial,Orthoptiste,Médecine Générale,Infirmier,Pharmacien,Dentiste,Oculariste,Opticien,Psycho-Motricien,Ophtalmologie,Orthophoniste,Ergothérapeute,Pédicure-Podologue,Oto-rhino-laryngologie
Assistant Social,Psychomotricien,Psychologue,Ergothérapeute,Infirmier,Psychothérapeute,Pédiatrie,Gynécologie,Médecine Du Travail,Neurologie,Infirmier,Pharmacien,Diététicien,Psychiatre,Médecine Générale,Chirurgie Infantile,Chirurgie Pédiatrique,Oncologie,Santé Publique,Sage-Femme
Audio-Prothésiste,Orthophoniste,Oculariste,Orthoptiste,Orl,Opticien,Pédiatrie,Gynécologie,Chirurgie Maxillo-Facial,Ophtalmologie,Dentiste,Chirurgien-Dentiste,Psycho-Motricien,Ergothérapeute,Oto-rhino-laryngologie,Technicien De Laboratoire,Médecine Générale,Infirmier,Pharmacien,Masseur-Kinésithérapeute
Autre,Santé Publique,Psychomotricien,Psychologue,Psychothérapeute,Pharmacien,Gynécologie,Médecine Générale,Pédiatrie,Rhumatologie,Recherche Médicale,Technicien De Laboratoire,Chirurgie Générale,Orthopédie,Médecine Cardiovasculaire,Ophtalmologie,Infirmier,Neurologie,Ergothérapeute,Cardiologie
Biologie,Recherche Médicale,Technicien De Laboratoire,Anatomie Et Cytologie Pathologiques,Médecine Nucléaire,Hématologie,Radio-Thérapie,Radiologie,Oncologie,Ophtalmologie,Gastro-Entérologie Et Hépatologie,Infirmier,Santé Publique,Dermatologie,Médecine Légale Et Expertises Médicales,Chirurgie Viscérale Et Digestive,Pharmacien,Psychiatre,Endocrinologie
Cardiologie,Médecine Nucléaire,Médecine Vasculaire,Chirurgie Thoracique Et Cardio-Vasculaire,Chirurgie Vasculaire,Médecine Interne,Médecine Générale,Médecine Intensive-Réanimation,Médecine Cardiovasculaire,Neurologie,Médecine D'Urgence,Pneumologie,Gériatrie,Néphrologie,Chirurgie Urologique,Médecine Du Travail,Infirmier,Chirurgie Générale,Ophtalmologie,Oncologie
Chiropracteur,Orthopédie,Ergothérapeute,Médecine Physique Et Réadaptation,Chirurgie Orthopédique,Chirurgie Générale,Infirmier,Chirurgie Infantile,Pédiatrie,Chirurgie Viscérale Et Digestive,Chirurgie Vasculaire,Psychologue,Psychomotricien,Rhumatologie,Orthoptiste,Masseur-Kinésithérapeute,Orthoprothésiste,Dentiste,Médecine Générale,Santé Publique
Chirurgie Général,Médecine Vasculaire,Médecine Interne,Médecine Générale,Chirurgie Thoracique Et Cardio-Vasculaire,Chirurgie Vasculaire,Chirurgie Viscérale Et Digestive,Chirurgie Urologique,Neuro-Chirurgie,Chirurgie Orthopédique,Médecine D'Urgence,Pédiatrie,Chirurgie Pédiatrique,Chirurgien-Dentiste,Cardiologie,Médecine Cardiovasculaire,Rhumatologie,Médecine Intensive-Réanimation,Oncologie
Chirurgie Infantile,Chirurgie Pédiatrique,Neuro-Chirurgie,Médecine Générale,Chirurgie Orthopédique,Chirurgie Générale,Chirurgie Viscérale Et Digestive,Chirurgie Thoracique Et Cardio-Vasculaire,Chirurgie Urologique,Chirurgie Vasculaire,Orthopédie,Pédiatrie,Médecine D'Urgence,Rhumatologie,Oncologie,Médecine Intensive-Réanimation,Cardiologie,Endocrinologie,Médecine Physique Et Réadaptation
Chirurgie Maxillo-Facial,Chirurgien-Dentiste,Chirurgie Orale,Pédiatrie,Ophtalmologie,Orthoptiste,Oculariste,Orthopédie,Orthophoniste,Dentiste,Audio-Prothésiste,Orl,Opticien,Psycho-Motricien,Médecine Générale,Chirurgie Générale,Chirurgie Infantile,Oncologie,Orthoprothésiste,Oto-rhino-laryngologie
Chirurgie Orale,Chirurgie Maxillo-Facial,Chirurgien-Dentiste,Dentiste,Orthophoniste,Pédiatrie,Ophtalmologie,Opticien,Oculariste,Orthoptiste,Orl,Audio-Prothésiste,Orthopédie,Chirurgie Infantile,Médecine Générale,Chirurgie Générale,Chirurgie Pédiatrique,Psycho-Motricien,Oncologie
Chirurgie Orthopédique,Neuro-Chirurgie,Orthopédie,Chirurgie Générale,Chirurgie Viscérale Et Digestive,Chirurgie Thoracique Et Cardio-Vasculaire,Chirurgie Infantile,Chirurgie Pédiatrique,Chirurgie Urologique,Chirurgie Vasculaire,Médecine Physique Et Réadaptation,Masseur-Kinésithérapeute,Rhumatologie,Pédiatrie,Cardiologie,Ophtalmologie,Oncologie,Médecine Intensive-Réanimation,Chirurgien-Dentiste
Chirurgie Plastique,Chirurgie Maxillo-Facial,Chirurgie Orale,Chirurgien-Dentiste,Chirurgie Infantile,Chirurgie Générale,Chirurgie Pédiatrique,Chirurgie Vasculaire,Chirurgie Thoracique Et Cardio-Vasculaire,Chirurgie Viscérale Et Digestive,Médecine Physique Et Réadaptation,Orthopédie,Chirurgie Orthopédique,Dentiste,Médecine D'Urgence,Oncologie,Ophtalmologie,Médecine Intensive-Réanimation,Chirurgie Urologique
Chirurgie Pédiatrique,Chirurgie Infantile,Chirurgie Générale,Pédiatrie,Chirurgie Thoracique Et Cardio-Vasculaire,Chirurgie Viscérale Et Digestive,Chirurgie Orthopédique,Chirurgie Urologique,Chirurgie Vasculaire,Chirurgie Plastique,Médecine D'Urgence,Neuro-Chirurgie,Ophtalmologie,Oncologie,Orthopédie,Rhumatologie,Médecine Intensive-Réanimation,Cardiologie,Orthoprothésiste,Infirmier
Chirurgie Thoracique Et Cardio-Vasculaire,Chirurgie Générale,Chirurgie Vasculaire,Chirurgie Viscérale Et Digestive,Cardiologie,Médecine Cardiovasculaire,Médecine D'Urgence,Médecine Intensive-Réanimation,Pneumologie,Chirurgie Urologique,Médecine Générale,Chirurgie Infantile,Chirurgie Orthopédique,Neuro-Chirurgie,Ophtalmologie,Oncologie,Rhumatologie,Orthopédie,Gastro-Entérologie Et Hépatologie,Endocrinologie
Chirurgie Urologique,Chirurgie Générale,Chirurgie Viscérale Et Digestive,Chirurgie Vasculaire,Chirurgie Thoracique Et Cardio-Vasculaire,Neuro-Chirurgie,Chirurgie Pédiatrique,Chirurgie Orthopédique,Chirurgie Infantile,Médecine D'Urgence,Médecine Générale,Oncologie,Cardiologie,Médecine Vasculaire,Néphrologie,Pneumologie,Médecine Intensive-Réanimation,Pédiatrie,Orthopédie,Ophtalmologie
Chirurgie Vasculaire,Chirurgie Générale,Chirurgie Thoracique Et Cardio-Vasculaire,Chirurgie Viscérale Et Digestive,Chirurgie Urologique,Neuro-Chirurgie,Chirurgie Orthopédique,Chirurgie Pédiatrique,Chirurgie Infantile,Médecine D'Urgence,Médecine Intensive-Réanimation,Médecine Générale,Médecine Vasculaire,Cardiologie,Néphrologie,Pédiatrie,Pneumologie,Oncologie,Orthopédie,Ophtalmologie
Chirurgie Viscérale Et Digestive,Chirurgie Générale,Chirurgie Vasculaire,Chirurgie Thoracique Et Cardio-Vasculaire,Chirurgie Urologique,Chirurgie Orthopédique,Chirurgie Pédiatrique,Chirurgie Infantile,Neuro-Chirurgie,Médecine Générale,Médecine D'Urgence,Ophtalmologie,Oncologie,Orthopédie,Pédiatrie,Endocrinologie,Médecine Intensive-Réanimation,Rhumatologie,Cardiologie,Gastro-Entérologie Et Hépatologie
Chirurgien-Dentiste,Chirurgie Maxillo-Facial,Chirurgie Orale,Dentiste,Orthoptiste,Oculariste,Orthopédie,Ophtalmologie,Orl,Audio-Prothésiste,Orthophoniste,Psycho-Motricien,Chirurgie Infantile,Médecine Générale,Ergothérapeute,Orthoprothésiste,Technicien De Laboratoire,Pharmacien,Médecine D'Urgence,Pédiatrie
Dentiste,Chirurgien-Dentiste,Chirurgie Orale,Orthoptiste,Oculariste,Ophtalmologie,Orl,Audio-Prothésiste,Opticien,Psycho-Motricien,Orthophoniste,Chirurgie Maxillo-Facial,Chirurgie Infantile,Orthopédie,Médecine Générale,Ergothérapeute,Pharmacien,Pédiatrie,Technicien De Laboratoire,Orthoprothésiste
Dermatologie,Allergologie,Rhumatologie,Gynécologie,Ophtalmologie,Oncologie,Endocrinologie,Pédiatrie,Hématologie,Gastro-Entérologie Et Hépatologie,Pneumologie,Chirurgie Plastique,Chirurgie Générale,Médecine Générale,Médecine Vasculaire,Médecine D'Urgence,Pharmacien,Infirmier,Médecine Intensive-Réanimation,Cardiologie
Diététicien,Endocrinologie,Gynécologie,Pédiatrie,Médecine Générale,Infirmier,Pharmacien,Psycho-Motricien,Ergothérapeute,Chirurgie Infantile,Chirurgie Pédiatrique,Médecine Du Travail,Pharmacien,Médecine D'Urgence,Sage-Femme,Gastro-Entérologie Et Hépatologie,Cardiologie,Neurologie,Oncologie
Endocrinologie,Diététicien,Gynécologie,Dermatologie,Médecine Générale,Pédiatrie,Médecine Vasculaire,Gastro-Entérologie Et Hépatologie,Cardiologie,Neurologie,Pneumologie,Hématologie,Chirurgie Générale,Médecine Interne,Chirurgie Infantile,Chirurgie Pédiatrique,Chirurgie Thoracique Et Cardio-Vasculaire,Médecine Intensive-Réanimation,Oncologie
Epithésiste,Chirurgie Orale,Chirurgie Maxillo-Facial,Chirurgie Plastique,Chirurgien-Dentiste,Dentiste,Orthoptiste,Orthoprothésiste,Ophtalmologie,Oculariste,Psycho-Motricien,Orthopédie,Technicien De Laboratoire,Chirurgie Générale,Pédiatrie,Médecine Générale,Oncologie,Médecine Intensive-Réanimation,Chirurgie Infantile
Ergothérapeute,Orthopédie,Médecine Physique Et Réadaptation,Psycho-Motricien,Masseur-Kinésithérapeute,Infirmier,Pédiatrie,Chirurgie Orthopédique,Orthoprothésiste,Orthophoniste,Gériatrie,Médecine Générale,Chirurgie Infantile,Médecine D'Urgence,Pharmacien,Rhumatologie,Psychomotricien,Chirurgie Générale,Neuro-Chirurgie,Oncologie
Gastro-Entérologie Et Hépatologie,Chirurgie Viscérale Et Digestive,Médecine Générale,Gastro-Entérologie Et Hépatologie,Médecine Interne,Hématologie,Oncologie,Pédiatrie,Médecine Nucléaire,Endocrinologie,Cardiologie,Pneumologie,Chirurgie Générale,Médecine Intensive-Réanimation,Gynécologie,Rhumatologie,Médecine Vasculaire,Chirurgie Thoracique Et Cardio-Vasculaire,Chirurgie Pédiatrique
Gynécologie,Obstétrique,Pédiatrie,Sage-Femme,Gynécologie,Psychomotricien,Médecine Générale,Gastro-Entérologie Et Hépatologie,Endocrinologie,Oncologie,Infirmier,Médecine D'Urgence,Orthophoniste,Pharmacien,Santé Publique,Chirurgie Générale,Chirurgie Pédiatrique,Chirurgie Infantile,Rhumatologie
Génétique Médicale,Hématologie,Oncologie,Médecine Générale,Médecine Interne,Médecine Vasculaire,Gynécologie,Endocrinologie,Médecine Cardiovasculaire,Neurologie,Pneumologie,Médecine Nucléaire,Recherche Médicale,Pédiatrie,Chirurgie Générale,Gériatrie,Neuro-Psychiatrie,Psychiatrie,Cardiologie
Gériatrie,Infirmier,Endocrinologie,Pédiatrie,Neuro-Psychiatrie,Médecine Générale,Neurologie,Maladies Infectieuses Et Tropicales,Pneumologie,Cardiologie,Chirurgie Générale,Gynécologie,Rhumatologie,Psychiatre,Médecine Du Travail,Chirurgie Vasculaire,Chirurgie Orthopédique,Néphrologie,Chirurgie Infantile,Chirurgie Pédiatrique
Hématologie,Oncologie,Gastro-Entérologie Et Hépatologie,Médecine Générale,Médecine Nucléaire,Chirurgie Viscérale Et Digestive,Cardiologie,Néphrologie,Pneumologie,Chirurgie Générale,Médecine Interne,Radiologie,Neuro-Chirurgie,Endocrinologie,Ophtalmologie,Médecine Intensive-Réanimation,Pharmacien,Recherche Médicale
Infirmier,Gériatrie,Chirurgie Infantile,Psychomotricien,Médecine Générale,Pédiatrie,Pharmacien,Médecine Du Travail,Gynécologie,Oncologie,Pneumologie,Orthopédie,Rhumatologie,Chirurgie Générale,Chirurgie Viscérale Et Digestive,Neuro-Chirurgie,Ergothérapeute,Santé Publique,Chirurgie Pédiatrique
Maladies Infectieuses Et Tropicales,Pneumologie,Médecine D'Urgence,Oncologie,Chirurgie Générale,Rhumatologie,Hématologie,Gynécologie,Neurologie,Médecine Interne,Néphrologie,Cardiologie,Médecine Intensive-Réanimation,Chirurgie Viscérale Et Digestive,Psychiatre,Médecine Générale,Chirurgie Vasculaire,Chirurgie Thoracique Et Cardio-Vasculaire
Manipulateur Erm,Radiologie,Oncologie,Médecine Nucléaire,Radio-Thérapie,Hématologie,Chirurgie Générale,Ophtalmologie,Pneumologie,Technicien De Laboratoire,Chirurgie Thoracique Et Cardio-Vasculaire,Chirurgie Vasculaire,Médecine Intensive-Réanimation,Chirurgie Viscérale Et Digestive,Médecine Générale,Infirmier,Pharmacien,Gastro-Entérologie Et Hépatologie,Cardiologie,Médecine Interne
Masseur-Kinésithérapeute,Orthopédie,Ergothérapeute,Psychomotricien,Chirurgie Orthopédique,Rhumatologie,Médecine Physique Et Réadaptation,Chirurgie Générale,Pédiatrie,Pharmacien,Neuro-Chirurgie,Dermatologie,Infirmier,Médecine Générale,Oncologie,Orthoprothésiste,Orthoptiste,Chirurgie Infantile,Médecine D'Urgence,Ophtalmologie
Médecine Cardiovasculaire,Cardiologie,Chirurgie Thoracique Et Cardio-Vasculaire,Médecine Interne,Médecine Générale,Médecine Vasculaire,Médecine Intensive-Réanimation,Néphrologie,Chirurgie Viscérale Et Digestive,Pneumologie,Chirurgie Vasculaire,Chirurgie Urologique,Oncologie,Neurologie,Chirurgie Générale,Ophtalmologie,Rhumatologie,Infirmier,Chirurgie Pédiatrique,Gastro-Entérologie Et Hépatologie
Médecine D'Urgence,Médecine Intensive-Réanimation,Chirurgie Générale,Chirurgie Infantile,Pneumologie,Chirurgie Viscérale Et Digestive,Cardiologie,Médecine Interne,Neurologie,Gynécologie,Chirurgie Thoracique Et Cardio-Vasculaire,Chirurgie Vasculaire,Médecine Générale,Pédiatrie,Médecine Cardiovasculaire,Infirmier,Pharmacien,Rhumatologie,Oncologie,Chirurgie Pédiatrique
Médecine Du Travail,Infirmier,Gériatrie,Médecine Générale,Psychiatre,Pharmacien,Chirurgie Générale,Rhumatologie,Orthopédie,Santé Publique,Chirurgie Vasculaire,Orthophonie,Neurologie,Psycho-Motricien,Médecine Interne,Gynécologie,Sage-Femme,Médecine D'Urgence,Ophtalmologie,Orthoprothésiste
Médecine Générale,Cardiologie,Pneumologie,Médecine D'Urgence,Gynécologie,Chirurgie Générale,Pédiatrie,Neurologie,Médecine Vasculaire,Médecine Interne,Chirurgie Thoracique Et Cardio-Vasculaire,Chirurgie Infantile,Chirurgie Viscérale Et Digestive,Chirurgie Orthopédique,Rhumatologie,Hématologie,Oncologie,Orthopédie,Infirmier,Ophtalmologie
Médecine Intensive-Réanimation,Chirurgie Générale,Neuro-Chirurgie,Pédiatrie,Oncologie,Pneumologie,Médecine Cardiovasculaire,Médecine Interne,Médecine Générale,Chirurgie Thoracique Et Cardio-Vasculaire,Chirurgie Vasculaire,Chirurgie Urologique,Chirurgie Viscérale Et Digestive,Ophtalmologie,Médecine Vasculaire,Chirurgie Orthopédique,Infirmier,Rhumatologie,Cardiologie,Médecine Du Travail
Médecine Interne,Médecine Générale,Cardiologie,Hématologie,Gynécologie,Médecine Vasculaire,Pneumologie,Oncologie,Néphrologie,Médecine Intensive-Réanimation,Chirurgie Générale,Médecine D'Urgence,Chirurgie Viscérale Et Digestive,Médecine Nucléaire,Gastro-Entérologie Et Hépatologie,Chirurgie Vasculaire,Neurologie,Ophtalmologie,Infirmier,Endocrinologie
Médecine Légale Et Expertises Médicales,Anatomie Et Cytologie Pathologiques,Radiologie,Médecine Générale,Recherche Médicale,Biologie,Oncologie,Technicien De Laboratoire,Hématologie,Pneumologie,Médecine Nucléaire,Ophtalmologie,Gynécologie,Endocrinologie,Chirurgie Générale,Cardiologie,Chirurgie Thoracique Et Cardio-Vasculaire,Médecine Interne
Médecine Nucléaire,Oncologie,Radiologie,Cardiologie,Médecine Interne,Hématologie,Chirurgie Générale,Médecine Intensive-Réanimation,Pneumologie,Médecine Vasculaire,Médecine Cardiovasculaire,Chirurgie Thoracique Et Cardio-Vasculaire,Médecine Générale,Chirurgie Viscérale Et Digestive,Chirurgie Pédiatrique,Gastro-Entérologie Et Hépatologie,Chirurgie Urologique
Médecine Physique Et Réadaptation,Ergothérapeute,Masseur-Kinésithérapeute,Orthopédie,Chirurgie Orthopédique,Pédiatrie,Rhumatologie,Psychomotricien,Infirmier,Chirurgie Infantile,Chirurgie Pédiatrique,Médecine Générale,Oncologie,Orthoprothésiste,Médecine D'Urgence,Orthophoniste,Gastro-Entérologie Et Hépatologie,Pharmacien,Chirurgie Générale,Médecine Du Travail
Médecine Vasculaire,Cardiologie,Médecine Interne,Chirurgie Générale,Médecine Générale,Médecine Cardiovasculaire,Chirurgie Vasculaire,Chirurgie Thoracique Et Cardio-Vasculaire,Chirurgie Viscérale Et Digestive,Néphrologie,Pneumologie,Médecine Intensive-Réanimation,Oncologie,Hématologie,Médecine Nucléaire,Neurologie,Médecine D'Urgence,Pédiatrie,Rhumatologie,Ophtalmologie
Neuro-Chirurgie,Chirurgie Orthopédique,Chirurgie Infantile,Chirurgie Générale,Neuro-Psychiatrie,Psychiatre,Psychomotricien,Neurologie,Chirurgie Viscérale Et Digestive,Médecine Générale,Médecine Intensive-Réanimation,Médecine D'Urgence,Chirurgie Pédiatrique,Chirurgie Thoracique Et Cardio-Vasculaire,Médecine Vasculaire,Oncologie,Rhumatologie,Infirmier,Cardiologie,Pneumologie
Neuro-Psychiatrie,Psychiatre,Psychomotricien,Gériatrie,Neurologie,Médecine Générale,Pédiatrie,Chirurgie Pédiatrique,Psychologue,Médecine Du Travail,Médecine Vasculaire,Rhumatologie,Infirmier,Médecine Interne,Médecine D'Urgence,Pharmacien,Oncologie,Psychothérapeute,Santé Publique,Orthophonie
Neurologie,Neuro-Chirurgie,Psychomotricien,Psychiatre,Neuro-Psychiatrie,Infirmier,Médecine Générale,Pédiatrie,Médecine Interne,Oncologie,Gériatrie,Pneumologie,Endocrinologie,Pharmacien,Chirurgie Générale,Chirurgie Infantile,Rhumatologie,Cardiologie,Orthopédie,Médecine Du Travail
Néphrologie,Médecine Vasculaire,Médecine Interne,Pneumologie,Médecine Générale,Cardiologie,Chirurgie Thoracique Et Cardio-Vasculaire,Médecine Intensive-Réanimation,Médecine Cardiovasculaire,Chirurgie Urologique,Hématologie,Chirurgie Générale,Médecine D'Urgence,Chirurgie Viscérale Et Digestive,Oncologie,Chirurgie Pédiatrique,Chirurgie Vasculaire,Rhumatologie,Chirurgie Orthopédique,Orthopédie
Obstétrique,Gynécologie,Médecine Générale,Pédiatrie,Chirurgie Pédiatrique,Infirmier,Psychiatre,Psycho-Motricien,Sage-Femme,Oncologie,Pharmacien,Médecine Du Travail,Orthopédie,Rhumatologie,Chirurgie Infantile,Chirurgie Générale,Endocrinologie,Chirurgie Vasculaire,Gastro-Entérologie Et Hépatologie,Neurologie
Oculariste,Ophtalmologie,Orthoptiste,Dentiste,Chirurgien-Dentiste,Chirurgie Maxillo-Facial,Orthopédie,Opticien,Orl,Audio-Prothésiste,Orthophoniste,Pédiatrie,Médecine Générale,Pharmacien,Chirurgie Infantile,Chirurgie Générale,Oto-rhino-laryngologie,Technicien De Laboratoire,Orthoprothésiste,Médecine D'Urgence
Oncologie,Hématologie,Médecine Nucléaire,Chirurgie Générale,Chirurgie Viscérale Et Digestive,Pédiatrie,Radiologie,Chirurgie Thoracique Et Cardio-Vasculaire,Médecine Générale,Cardiologie,Médecine Interne,Médecine Intensive-Réanimation,Gastro-Entérologie Et Hépatologie,Neuro-Chirurgie,Chirurgie Orthopédique,Orthopédie,Pneumologie,Médecine D'Urgence,Médecine Cardiovasculaire,Ophtalmologie
Ophtalmologie,Oculariste,Orthoptiste,Orl,Opticien,Chirurgie Maxillo-Facial,Dentiste,Chirurgien-Dentiste,Orthophoniste,Audio-Prothésiste,Pédiatrie,Médecine Générale,Chirurgie Infantile,Chirurgie Générale,Orthopédie,Pharmacien,Médecine D'Urgence,Chirurgie Pédiatrique,Technicien De Laboratoire,Médecine Interne
Opticien,Ophtalmologie,Oculariste,Orthoptiste,Orl,Audio-Prothésiste,Orthophoniste,Chirurgie Maxillo-Facial,Dentiste,Chirurgien-Dentiste,Technicien De Laboratoire,Pédiatrie,Chirurgie Générale,Orthopédie,Médecine Générale,Pharmacien,Ergothérapeute,Chirurgie Infantile,Médecine D'Urgence,Chirurgie Orale
Orl,Ophtalmologie,Orthoptiste,Oculariste,Opticien,Audio-Prothésiste,Orthophoniste,Chirurgie Maxillo-Facial,Chirurgien-Dentiste,Dentiste,Psycho-Motricien,Médecine Générale,Technicien De Laboratoire,Pédiatrie,Chirurgie Infantile,Médecine D'Urgence,Pharmacien,Oto-rhino-laryngologie,Chirurgie Générale
Orthophoniste,Orl,Audio-Prothésiste,Ophtalmologie,Oculariste,Chirurgie Maxillo-Facial,Orthoptiste,Opticien,Chirurgien-Dentiste,Dentiste,Psycho-Motricien,Technicien De Laboratoire,Médecine Générale,Pédiatrie,Médecine D'Urgence,Pharmacien,Ergothérapeute,Chirurgie Infantile,Orthopédie,Médecine Interne
Orthoprothésiste,Orthopédie,Chirurgie Orthopédique,Médecine Physique Et Réadaptation,Masseur-Kinésithérapeute,Ergothérapeute,Pédiatrie,Psycho-Motricien,Infirmier,Chirurgie Infantile,Chirurgie Pédiatrique,Médecine Générale,Médecine D'Urgence,Chirurgie Générale,Technicien De Laboratoire,Pharmacien,Chirurgie Maxillo-Facial,Orthoptiste,Chirurgien-Dentiste,Médecine Intensive-Réanimation
Orthoptiste,Ophtalmologie,Oculariste,Orl,Opticien,Audio-Prothésiste,Orthophoniste,Chirurgie Maxillo-Facial,Dentiste,Chirurgien-Dentiste,Psycho-Motricien,Médecine Générale,Chirurgie Infantile,Pédiatrie,Pharmacien,Technicien De Laboratoire,Chirurgie Générale,Chirurgie Pédiatrique,Médecine D'Urgence,Orthopédie
Orthopédie,Chirurgie Orthopédique,Neuro-Chirurgie,Chirurgie Infantile,Chirurgie Générale,Chirurgie Viscérale Et Digestive,Chirurgie Pédiatrique,Chirurgie Thoracique Et Cardio-Vasculaire,Chirurgie Urologique,Chirurgie Vasculaire,Médecine Physique Et Réadaptation,Masseur-Kinésithérapeute,Rhumatologie,Pédiatrie,Cardiologie,Ophtalmologie,Oncologie,Médecine Intensive-Réanimation,Médecine D'Urgence
Ostéopathe,Orthopédie,Médecine Physique Et Réadaptation,Masseur-Kinésithérapeute,Ergothérapeute,Chirurgie Orthopédique,Psycho-Motricien,Infirmier,Rhumatologie,Pédiatrie,Médecine Générale,Pharmacien,Chirurgie Infantile,Orthoprothésiste,Médecine D'Urgence,Orthoptiste,Chirurgien-Dentiste,Technicien De Laboratoire,Chirurgie Générale,Chirurgie Pédiatrique
Pharmacien,Médecine Générale,Infirmier,Pédiatrie,Ergothérapeute,Psycho-Motricien,Chirurgie Infantile,Orthopédie,Santé Publique,Psychiatre,Gynécologie,Diététicien,Rhumatologie,Technicien De Laboratoire,Chirurgie Pédiatrique,Orthoprothésiste,Chirurgie Maxillo-Facial,Ophtalmologie,Oncologie
Physicien Médical,Radiologie,Oncologie,Radio-Thérapie,Médecine Nucléaire,Hématologie,Médecine Générale,Chirurgie Générale,Médecine Intensive-Réanimation,Pneumologie,Médecine Interne,Chirurgie Thoracique Et Cardio-Vasculaire,Chirurgie Viscérale Et Digestive,Cardiologie,Gastro-Entérologie Et Hépatologie,Médecine Vasculaire,Chirurgie Infantile,Technicien De Laboratoire,Chirurgie Pédiatrique
Pneumologie,Cardiologie,Médecine Générale,Pneumologie,Chirurgie Thoracique Et Cardio-Vasculaire,Pédiatrie,Chirurgie Générale,Médecine Intensive-Réanimation,Médecine Cardiovasculaire,Oncologie,Néphrologie,Radiologie,Gastro-Entérologie Et Hépatologie,Hématologie,Médecine Vasculaire,Médecine Interne,Neurologie,Ophtalmologie,Médecine D'Urgence,Pharmacien
Podo-Orthésiste,Orthopédie,Chirurgie Orthopédique,Orthoprothésiste,Psycho-Motricien,Médecine Physique Et Réadaptation,Infirmier,Ergothérapeute,Pharmacien,Masseur-Kinésithérapeute,Chirurgie Infantile,Pédiatrie,Médecine Générale,Médecine D'Urgence,Technicien De Laboratoire,Orthoptiste,Chirurgie Générale,Chirurgie Pédiatrique,Orthophoniste,Chirurgien-Dentiste
Psychiatrie,Psychomotricien,Infirmier,Psychothérapeute,Neurologie,Gynécologie,Chirurgie Pédiatrique,Psychologue,Pharmacien,Pédiatrie,Diététicien,Médecine Du Travail,Sage-Femme,Médecine Générale,Orthopédie,Médecine D'Urgence,Oncologie,Santé Publique,Rhumatologie
Psychologue,Psychomotricien,Infirmier,Psychothérapeute,Neurologie,Gynécologie,Pédiatrie,Chirurgie Pédiatrique,Psychiatre,Pharmacien,Diététicien,Médecine Du Travail,Sage-Femme,Médecine Générale,Orthopédie,Médecine D'Urgence,Oncologie,Santé Publique,Rhumatologie,Ergothérapeute
Psychomotricien,Infirmier,Pédiatrie,Psychiatre,Ergothérapeute,Psychologue,Psychothérapeute,Neurologie,Gynécologie,Médecine Du Travail,Médecine Générale,Orthophoniste,Orthopédie,Pharmacien,Pédiatrie,Oncologie,Sage-Femme,Chirurgie Pédiatrique,Chirurgie Infantile,Masseur-Kinésithérapeute
Psychothérapeute,Psychomotricien,Psychiatre,Psychologue,Infirmier,Neurologie,Pédiatrie,Chirurgie Pédiatrique,Psychiatre,Gynécologie,Pharmacien,Orthophonie,Médecine Générale,Sage-Femme,Médecine Du Travail,Rhumatologie,Santé Publique,Psycho-Motricien,Médecine D'Urgence
Pédiatrie,Chirurgie Pédiatrique,Chirurgie Infantile,Infirmier,Gynécologie,Psychomotricien,Médecine Générale,Orthopédie,Chirurgie Générale,Chirurgie Viscérale Et Digestive,Chirurgie Orthopédique,Chirurgie Thoracique Et Cardio-Vasculaire,Chirurgie Maxillo-Facial,Oncologie,Ophtalmologie,Pharmacien,Médecine D'Urgence,Sage-Femme,Chirurgie Plastique
Pédicure-Podologue,Orthopédie,Médecine Physique Et Réadaptation,Orthoprothésiste,Masseur-Kinésithérapeute,Ergothérapeute,Psycho-Motricien,Infirmier,Médecine Générale,Pédiatrie,Chirurgie Infantile,Chirurgie Orthopédique,Orthophoniste,Chirurgie Générale,Rhumatologie,Pharmacien,Technicien De Laboratoire,Chirurgie Viscérale Et Digestive,Médecine D'Urgence
Radio-Thérapie,Oncologie,Radiologie,Médecine Nucléaire,Hématologie,Physicien Médical,Chirurgie Générale,Chirurgie Thoracique Et Cardio-Vasculaire,Pédiatrie,Chirurgie Viscérale Et Digestive,Gastro-Entérologie Et Hépatologie,Médecine Cardiovasculaire,Cardiologie,Médecine Interne,Pneumologie,Médecine Intensive-Réanimation,Pharmacien,Chirurgie Pédiatrique,Médecine Générale
Radiologie,Médecine Nucléaire,Radio-Thérapie,Oncologie,Hématologie,Physicien Médical,Chirurgie Générale,Chirurgie Thoracique Et Cardio-Vasculaire,Chirurgie Viscérale Et Digestive,Médecine Intensive-Réanimation,Pédiatrie,Cardiologie,Gastro-Entérologie Et Hépatologie,Médecine Interne,Médecine Cardiovasculaire,Pharmacien,Pneumologie,Médecine Générale,Néphrologie
Recherche Médicale,Biologie,Médecine Nucléaire,Radiologie,Chirurgie Générale,Chirurgie Thoracique Et Cardio-Vasculaire,Hématologie,Oncologie,Médecine Interne,Médecine Vasculaire,Chirurgie Viscérale Et Digestive,Gastro-Entérologie Et Hépatologie,Médecine Générale,Technicien De Laboratoire,Cardiologie,Pharmacien,Médecine Intensive-Réanimation,Ophtalmologie,Neurologie
Rhumatologie,Orthopédie,Médecine Physique Et Réadaptation,Chirurgie Orthopédique,Pédiatrie,Ergothérapeute,Psycho-Motricien,Masseur-Kinésithérapeute,Infirmier,Médecine Générale,Chirurgie Générale,Chirurgie Infantile,Orthoprothésiste,Chirurgie Viscérale Et Digestive,Médecine D'Urgence,Pharmacien,Pharmacien,Médecine Intensive-Réanimation,Oncologie,Ophtalmologie
Sage-Femme,Gynécologie,Pédiatrie,Chirurgie Pédiatrique,Chirurgie Infantile,Médecine Générale,Psychomotricien,Infirmier,Orthopédie,Chirurgie Générale,Ophtalmologie,Oncologie,Orthoprothésiste,Orthophoniste,Rhumatologie,Médecine D'Urgence,Médecine Du Travail,Pharmacien,Santé Publique,Technicien De Laboratoire
Santé Publique,Médecine Générale,Pharmacien,Infirmier,Psychomotricien,Psychiatre,Psychologue,Sage-Femme,Gynécologie,Pédiatrie,Médecine Du Travail,Psycho-Motricien,Rhumatologie,Chirurgie Générale,Orthopédie,Santé Publique,Oncologie,Psychothérapeute,Santé Publique
Stomatologie,Chirurgie Maxillo-Facial,Chirurgie Orale,Dentiste,Orthophoniste,Ophtalmologie,Oculariste,Orl,Opticien,Pédiatrie,Chirurgie Générale,Médecine Générale,Orthopédie,Chirurgien-Dentiste,Orthoptiste,Psycho-Motricien,Médecine D'Urgence,Orthoprothésiste,Technicien De Laboratoire,Pharmacien
Technicien De Laboratoire,Biologie,Médecine Nucléaire,Radiologie,Chirurgie Générale,Chirurgie Thoracique Et Cardio-Vasculaire,Hématologie,Oncologie,Médecine Interne,Médecine Vasculaire,Chirurgie Viscérale Et Digestive,Gastro-Entérologie Et Hépatologie,Médecine Générale,Recherche Médicale,Technicien De Laboratoire,Pharmacien,Chirurgie Infantile,Médecine Intensive-Réanimation,Neurologie
Urologie,Chirurgie Générale,Chirurgie Viscérale Et Digestive,Chirurgie Vasculaire,Chirurgie Thoracique Et Cardio-Vasculaire,Médecine Vasculaire,Néphrologie,Médecine Interne,Médecine Intensive-Réanimation,Chirurgie Pédiatrique,Chirurgie Thoracique Et Cardio-Vasculaire,Chirurgie Orthopédique,Pédiatrie,Cardiologie,Pneumologie,Gastro-Entérologie Et Hépatologie,Médecine Générale,Orthopédie,Ophtalmologie